{"URKZ":720.0,"LNZL":660.0,"GMKN":442.0,"PLZL":439.5,"AKRN":134.0,"VSMO":60.0,"CHMF":46.0,"SFIN":35.8,"POLY":30.2,"VJGZ":30.0,"UCSS":20.0,"AVAN":15.0,"GAZAP":14.5,"MGTSP":12.0,"SIBN":8.2,"BANE":8.0,"UKUZ":8.0,"KUBE":7.7,"MFGSP":4.5,"SBERP":3.99,"KAZTP":2.6,"KZOS":2.3,"ROSN":1.6,"TRMK":1.56,"SBER":1.53,"MSTT":1.3,"SELG":1.23,"ROLO":1.215,"NLMK":1.04,"KZOSP":0.87,"SNGS":0.845,"EELT":0.74,"BSPB":0.69,"MAGN":0.625,"RZSB":0.54,"MOEX":0.45,"BISVP":0.21,"ROSB":0.2,"SNGSP":0.185,"VGSBP":0.135,"MTLR":0.12,"KTSB":0.092,"VGSB":0.09,"UTAR":0.06,"MAGE":0.06,"KRSB":0.06,"BLNG":0.055,"CBOM":0.049,"KTSBP":0.022,"TORSP":0.016,"TTLK":0.0155,"MRSB":0.005,"MRKP":0.0026,"RTSBP":0.001,"USBN":0.0003,"TGKN":0.0,"BRZL":0.0,"NKNC":0.0,"TGKB":-0.00017,"TGKBP":-0.00022,"VTBR":-0.00028,"KUZB":-0.00029,"TGKA":-0.000294,"MRKC":-0.0004,"MRKZ":-0.0007,"MRKU":-0.0014,"MSRS":-0.002,"MRKV":-0.0024,"FEES":-0.00244,"SARE":-0.0028,"MRKY":-0.00325,"SAREP":-0.0044,"TASBP":-0.006,"ODVA":-0.0066,"MRKS":-0.008,"HIMCP":-0.01,"DASB":-0.0119,"RSTI":-0.0128,"RGSS":-0.0134,"ENRU":-0.0134,"SAGOP":-0.014,"ASSB":-0.014,"HYDR":-0.0141,"OGKB":-0.0183,"YKEN":-0.021,"STSBP":-0.0215,"GRNT":-0.0255,"TORS":-0.028,"RSTIP":-0.037,"MRKK":-0.04,"MSNG":-0.0415,"PRFN":-0.056,"KLSB":-0.06,"ZVEZ":-0.06,"UPRO":-0.099,"JNOSP":-0.1,"SLEN":-0.105,"IRAO":-0.105,"LIFE":-0.11,"CNTL":-0.14,"RBCM":-0.142,"WTCMP":-0.18,"MISB":-0.2,"CNTLP":-0.22,"NMTP":-0.22,"KRKOP":-0.23,"JNOS":-0.25,"KRSBP":-0.28,"WTCM":-0.28,"LPSB":-0.35,"AFLT":-0.36,"APTK":-0.374,"AFKS":-0.38,"PMSBP":-0.4,"DSKY":-0.46,"LSNG":-0.63,"AMEZ":-0.795,"CHGZ":-0.8,"RTKMP":-0.85,"RTKM":-1.0,"NKNCP":-1.12,"VLHZ":-1.4,"MFGS":-1.5,"PMSB":-1.8,"YAKG":-1.85,"IRKT":-1.92,"YRSB":-2.0,"RUSI":-2.2,"LSNGP":-2.5,"KAZT":-2.6,"SVAV":-3.0,"ALRS":-3.3,"KMAZ":-3.4,"VRSB":-3.4,"RNFT":-3.7,"ROST":-4.0,"AQUA":-4.0,"FESH":-4.46,"NVTK":-4.6,"LNZLP":-5.0,"OMZZP":-5.0,"MVID":-5.9,"BANEP":-6.0,"KROT":-6.0,"MTLRP":-6.0,"GAZP":-6.07,"VJGZP":-7.0,"TATNP":-7.4,"MTSS":-7.45,"TATN":-8.5,"RASP":-9.45,"NKHP":-9.5,"GAZA":-10.5,"NNSBP":-12.0,"ABRD":-14.0,"KMEZ":-14.0,"MGTS":-15.0,"LSRG":-15.0,"BELU":-15.0,"PIKK":-18.2,"LKOH":-25.0,"ELTZ":-28.5,"IGST":-38.0,"PHOR":-100.0,"NNSB":-115.0,"IGSTP":-122.0,"VSYDP":-140.0,"CHMK":-145.0,"GCHE":-163.5,"RKKE":-190.0,"CHKZ":-220.0,"PAZA":-300.0,"MGNT":-302.0,"KRKNP":-360.0,"VSYD":-365.0,"TRNFP":-2950.0}