{"LNZL":2690.0,"AKRN":948.0,"IGSTP":684.0,"IGST":356.0,"AVAN":205.0,"KOGK":200.0,"VSYDP":160.0,"GCHE":86.5,"GMKN":80.0,"LNZLP":65.0,"MGTSP":30.0,"PIKK":28.700012207,"VJGZ":21.0,"GAZA":16.0,"VSYD":15.0,"GAZAP":10.5,"RKKE":10.0,"NKHP":9.5,"BRZL":9.0,"DSKY":8.3000030518,"UKUZ":8.0,"TRMK":7.8600006104,"RASP":5.5,"ROSB":4.1999969482,"MTLR":1.9599990845,"FESH":1.5600013733,"AQUA":1.5,"KUBE":1.4000015259,"SIBN":1.25,"MOEX":0.9700012207,"RUSI":0.7999992371,"ROST":0.7999992371,"MVID":0.6000061035,"PMSBP":0.6000061035,"JNOS":0.5999994278,"SVAV":0.5,"AMEZ":0.4099998474,"BLNG":0.3299999237,"HIMCP":0.3200001717,"RZSB":0.1399993896,"KRSBP":0.1399993896,"RBCM":0.112000227,"KRSB":0.1100006104,"VGSBP":0.0750000477,"MAGE":0.0700001717,"SBERP":0.0599975586,"TORSP":0.0534999967,"MRKK":0.0399999619,"ZVEZ":0.0350000858,"NMTP":0.0300002098,"MSRS":0.023999989,"KLSB":0.0200004578,"KTSBP":0.0194999874,"OGKB":0.0099999905,"TASB":0.0069999993,"RSTIP":0.0059999228,"ASSB":0.0049999952,"DASB":0.0041999966,"MRKP":0.0040999949,"TORS":0.0040000081,"MRKC":0.0037999749,"TASBP":0.0024999976,"MRKS":0.0015000105,"MRKY":0.0013999995,"ODVA":0.0005999953,"KUZB":0.0003900006,"TGKB":0.0000849999,"MRKZ":0.0000500008,"YRSB":0.0,"VGSB":0.0,"MGTS":0.0,"BSPB":0.0,"TGKBP":0.0,"TGKN":-0.0000199999,"TGKA":-0.0000499999,"FEES":-0.0001000017,"MRKV":-0.0001999997,"VTBR":-0.0002450012,"GRNT":-0.0005000085,"TTLK":-0.0015000105,"USBN":-0.0015999973,"SARE":-0.0022,"RTSBP":-0.003000021,"MRKU":-0.0038000047,"SIBG":-0.0040000007,"PRFN":-0.0069999695,"RGSS":-0.0072000027,"ENRU":-0.0072000027,"RSTI":-0.0119999647,"STSB":-0.0120000243,"YKEN":-0.0120000243,"KTSB":-0.0159999728,"MSNG":-0.0170000792,"SAGOP":-0.0180000067,"MRSB":-0.0189999938,"LSNG":-0.0199999809,"STSBP":-0.0214999914,"SLEN":-0.0249998569,"HYDR":-0.0292999744,"UPRO":-0.0349999666,"RTSB":-0.0360000134,"CNTLP":-0.0399999619,"WTCM":-0.0399999619,"BISVP":-0.0399999619,"VLHZ":-0.0500030518,"CNTL":-0.0599994659,"EELT":-0.0599999428,"LIFE":-0.0700001717,"IRAO":-0.0809998512,"ROLO":-0.1399998665,"JNOSP":-0.1400003433,"APTK":-0.1440000534,"CBOM":-0.1729998589,"KRKOP":-0.1899995804,"VRSB":-0.1999969482,"WTCMP":-0.1999998093,"LPSB":-0.2000007629,"SNGS":-0.2250003815,"UTAR":-0.2399997711,"SNGSP":-0.25,"NKSH":-0.2600002289,"AFKS":-0.3559999466,"RTKM":-0.3800010681,"RUGR":-0.4899997711,"ABRD":-0.5,"MFGS":-0.5,"KZOSP":-0.6100006104,"RTKMP":-0.7000007629,"AFLT":-0.7600002289,"MAGN":-0.8700008392,"PMSB":-0.9000015259,"NKNCP":-0.9600067139,"IRKT":-1.0,"CHGZ":-1.0,"KAZT":-1.0,"NKNC":-1.1000061035,"MISB":-1.5,"SBER":-1.5599975586,"MSTT":-1.6499938965,"SELG":-1.6599998474,"KMAZ":-1.8000030518,"YAKG":-1.8500061035,"ALRS":-2.2099990845,"GAZP":-2.2699890137,"LSNGP":-2.5999908447,"NLMK":-2.6800003052,"KROTP":-3.0,"SFIN":-3.0,"RNFT":-3.0999984741,"LSRG":-3.3999938965,"KMEZ":-4.0,"KZOS":-4.0999984741,"MTLRP":-4.3999938965,"KAZTP":-5.1999816895,"NNSBP":-6.0,"MTSS":-6.9499969482,"UCSS":-10.0,"MFGSP":-10.5,"KROT":-10.5,"TATN":-11.200012207,"VJGZP":-14.0,"POLY":-14.5,"TATNP":-15.1000061035,"CHMF":-16.4000244141,"BELU":-17.0,"BANE":-17.0,"ELTZ":-17.0,"ROSN":-18.8999938965,"BANEP":-24.5,"CHMK":-25.0,"NVTK":-27.4000244141,"KRKNP":-60.0,"PHOR":-62.0,"LKOH":-70.0,"NNSB":-105.0,"MGNT":-119.0,"PAZA":-140.0,"PLZL":-223.5,"OMZZP":-305.0,"CHKZ":-400.0,"TRNFP":-500.0,"PRMB":-1400.0,"VSMO":-1540.0}