{"PLZL":1018.5,"AKRN":650.0,"URKZ":520.0,"VJGZ":251.0,"RKKE":180.0,"IGSTP":144.0,"VSYDP":140.0,"CHMF":47.8,"POLY":45.8,"VJGZP":42.0,"LNZLP":40.0,"SFIN":30.6,"BRZL":26.0,"VSYD":25.0,"AQUA":24.5,"NNSBP":18.0,"UCSS":15.0,"IGST":14.0,"SVAV":13.0,"ELTZ":12.5,"KUBE":12.4,"YAKG":11.45,"MFGSP":9.0,"DSKY":7.96,"SIBN":6.7,"GAZAP":6.0,"ABRD":5.5,"ROSB":5.4,"KAZTP":5.0,"KAZT":4.8,"TRMK":3.92,"MGTSP":2.0,"MAGN":1.705,"VLHZ":1.5,"SELG":1.45,"ROLO":1.085,"RZSB":0.92,"SNGS":0.875,"SBERP":0.87,"EELT":0.86,"BISVP":0.81,"KZOSP":0.8,"BSPB":0.52,"MOEX":0.46,"LSNG":0.39,"CNTL":0.34,"BLNG":0.2,"KRSB":0.17,"MRKK":0.16,"NLMK":0.14,"KTSB":0.084,"TORSP":0.0735,"PRFN":0.064,"KRKOP":0.06,"CNTLP":0.06,"SLEN":0.055,"IRAO":0.0535,"KTSBP":0.0265,"MRKP":0.0256,"TORS":0.022,"MRKU":0.0168,"MRKC":0.0136,"TTLK":0.013,"GRNT":0.008,"RGSS":0.006,"MSRS":0.0055,"YKEN":0.0035,"ENRU":0.0032,"MRKZ":0.00105,"KUZB":0.00097,"MRKV":0.00085,"TGKBP":0.00013,"TGKB":0.00011,"TGKN":0.00002,"YRSB":0.0,"KZOS":0.0,"MAGE":0.0,"TGKA":-0.00026,"VTBR":-0.000505,"USBN":-0.0007,"MRKY":-0.00185,"FEES":-0.00278,"SAREP":-0.0038,"SARE":-0.004,"DASB":-0.0055,"TASBP":-0.0075,"MRKS":-0.008,"ODVA":-0.0092,"TASB":-0.0105,"MRSB":-0.011,"RSTI":-0.0115,"RSTIP":-0.019,"RBCM":-0.022,"OGKB":-0.0242,"HYDR":-0.0259,"RTSBP":-0.03,"STSBP":-0.0395,"VGSB":-0.045,"CBOM":-0.054,"UTAR":-0.06,"ZVEZ":-0.06,"SAGOP":-0.064,"MSNG":-0.0745,"UPRO":-0.105,"KLSB":-0.13,"VGSBP":-0.145,"HIMCP":-0.18,"WTCMP":-0.2,"LIFE":-0.24,"NMTP":-0.295,"WTCM":-0.3,"JNOSP":-0.36,"SNGSP":-0.365,"APTK":-0.378,"CHGZ":-0.4,"VRSB":-0.4,"KRSBP":-0.42,"AFLT":-0.54,"IRKT":-0.56,"AMEZ":-0.675,"AFKS":-0.688,"LPSB":-0.75,"JNOS":-0.8,"MSTT":-1.35,"SBER":-1.42,"RTKM":-1.61,"PMSB":-1.8,"RTKMP":-1.85,"KROT":-2.0,"RNFT":-2.0,"MISB":-2.1,"PMSBP":-2.6,"ROST":-3.0,"RUSI":-3.2,"NKNC":-3.7,"MVID":-3.8,"KMAZ":-4.2,"MTLR":-4.55,"MTSS":-4.8,"ROSN":-4.95,"BANE":-6.0,"ALRS":-6.22,"NKNCP":-6.22,"FESH":-6.35,"GAZP":-7.14,"UKUZ":-8.0,"NKHP":-8.0,"MFGS":-8.5,"BELU":-10.0,"MTLRP":-10.9,"GAZA":-11.0,"LSNGP":-12.85,"RASP":-13.55,"KMEZ":-14.0,"BANEP":-20.5,"TATNP":-21.0,"TATN":-23.2,"MGTS":-25.0,"LSRG":-28.2,"GCHE":-43.0,"PIKK":-43.5,"OMZZP":-60.0,"PAZA":-60.0,"CHMK":-60.0,"NNSB":-65.0,"PHOR":-69.0,"AVAN":-70.0,"NVTK":-77.8,"LKOH":-84.0,"CHKZ":-100.0,"GMKN":-290.0,"MGNT":-428.5,"KRKNP":-620.0,"VSMO":-2460.0,"LNZL":-2680.0,"TRNFP":-5600.0}