{"PAZA":440.0,"PLZL":423.5,"PRMB":200.0,"OMZZP":160.0,"AKRN":148.0,"VSYD":105.0,"VSYDP":100.0,"NNSB":80.0,"CHKZ":60.0,"ELTZ":50.0,"URKZ":40.0,"LKOH":39.5,"AQUA":38.0,"VJGZP":22.0,"GCHE":18.0,"YAKG":17.4000015259,"POLY":13.799987793,"MFGS":9.5,"SVAV":8.5,"LSNGP":8.0500030518,"MFGSP":7.5,"DSKY":7.2799987793,"BANE":7.0,"KUBE":6.9000015259,"MVID":6.6999969482,"MTSS":5.1500091553,"UCSS":5.0,"BANEP":4.0,"VLHZ":3.0999984741,"GAZA":2.5,"MSTT":2.0499954224,"IRKT":1.7600021362,"ROSB":1.5999984741,"LSNG":1.5799999237,"SIBN":1.3000183105,"CNTL":0.9199991226,"KAZT":0.6000061035,"TRMK":0.5599975586,"SELG":0.5400009155,"BISVP":0.5399999619,"CNTLP":0.5199999809,"MRKK":0.4799995422,"MAGN":0.4300003052,"KRSBP":0.2800006866,"ROST":0.2000007629,"SLEN":0.1199998856,"IRAO":0.1144998074,"UTAR":0.1099996567,"LPSB":0.1000003815,"RNFT":0.0999984741,"EELT":0.0599999428,"MSRS":0.0569999814,"TORSP":0.0485000014,"TORS":0.0469999909,"RSTIP":0.0429999828,"ENRU":0.0345999897,"RTSB":0.0320000052,"MRKP":0.0219999999,"RBCM":0.0199999809,"WTCMP":0.0199999809,"MRKC":0.0164000094,"STSBP":0.0130000114,"MRKU":0.0129999965,"KCHE":0.0104999989,"YKEN":0.0100000203,"TTLK":0.0054999888,"RGSS":0.0044,"UPRO":0.003000021,"SAREP":0.0028000027,"MRKS":0.0024999976,"MRKV":0.002249999,"MRKY":0.0017499998,"MRKZ":0.0014999993,"KUZB":0.0014699996,"GRNT":0.0005000085,"RSTI":0.0004999638,"TGKB":0.0001050001,"TGKBP":0.0000200002,"TGKN":0.0000199999,"MAGE":0.0,"VTBR":-0.0001099985,"TGKA":-0.0001119999,"FEES":-0.000319995,"DASB":-0.000500001,"USBN":-0.0006000027,"TASBP":-0.0014999807,"SARE":-0.0025999993,"RTSBP":-0.0039999485,"OGKB":-0.0041000247,"ODVA":-0.0041999966,"YKENP":-0.0054999888,"SAGOP":-0.006000042,"HYDR":-0.0070999861,"KTSB":-0.0080000162,"KRKOP":-0.0100002289,"ASSB":-0.0129999518,"TASB":-0.0130000114,"MRSB":-0.0139999986,"STSB":-0.0180000067,"KZOSP":-0.0199985504,"ZVEZ":-0.0199999809,"KTSBP":-0.0204999894,"PRFN":-0.0249998569,"MSNG":-0.0264999866,"CBOM":-0.0279998779,"VGSB":-0.0299999714,"SIBG":-0.0300000012,"JNOSP":-0.0399999619,"KLSB":-0.0500001907,"NMTP":-0.0549998283,"LIFE":-0.0549998283,"VGSBP":-0.0650000572,"HIMCP":-0.0799999237,"KMAZ":-0.0999984741,"MISB":-0.1000003815,"ROLO":-0.1000003815,"AMEZ":-0.1049995422,"AFLT":-0.1199989319,"WTCM":-0.1400003433,"RTKMP":-0.1500015259,"NKSH":-0.1800003052,"SNGS":-0.1949996948,"VRSB":-0.200012207,"KAZTP":-0.200012207,"KRSB":-0.2300004959,"AFKS":-0.2379999161,"RZSB":-0.2399997711,"APTK":-0.2840003967,"BLNG":-0.3200006485,"GAZP":-0.3600006104,"BSPB":-0.4599990845,"SNGSP":-0.5500011444,"CHGZ":-0.5999984741,"SBER":-0.7400054932,"RTKM":-0.75,"JNOS":-0.75,"RUSI":-0.7999992371,"PMSB":-0.9000015259,"FESH":-0.9900016785,"NLMK":-1.060005188,"MOEX":-1.1000061035,"SBERP":-1.3400115967,"ABRD":-1.5,"ALRS":-1.6900024414,"KZOS":-1.9000015259,"KMEZ":-2.0,"YRSB":-2.0,"CHMF":-2.0,"MTLR":-2.7600021362,"ROSN":-2.8000183105,"MTLRP":-2.8999938965,"NKNC":-3.25,"SFIN":-3.799987793,"PMSBP":-3.8000030518,"KROT":-4.0,"VJGZ":-4.0,"MGTSP":-4.0,"TATNP":-4.1000061035,"KROTP":-4.5,"NKNCP":-4.7599945068,"MGTS":-5.0,"CHMK":-5.0,"NKHP":-5.5,"PIKK":-6.0,"LSRG":-7.200012207,"NNSBP":-10.0,"TATN":-10.6000061035,"PHOR":-13.0,"GAZAP":-13.5,"RASP":-14.1500091553,"UKUZ":-20.0,"BELU":-26.0,"RKKE":-30.0,"BRZL":-31.0,"NVTK":-33.0,"MGNT":-81.5,"LNZLP":-90.0,"AVAN":-135.0,"KRKNP":-160.0,"IGSTP":-288.0,"IGST":-340.0,"GMKN":-394.0,"VSMO":-1280.0,"TRNFP":-2550.0,"LNZL":-8090.0}