{"KOGK":400.0,"PLZL":232.0,"CHKZ":140.0,"GMKN":136.0,"AKRN":48.0,"UCSS":25.0,"MGTSP":24.0,"CHMF":16.799987793,"CHMK":10.0,"BRZL":9.0,"POLY":8.8000183105,"GAZAP":5.5,"KUBE":4.5,"SFIN":4.0,"PMSBP":1.5999984741,"ABRD":1.0,"ROSN":0.950012207,"MISB":0.8000001907,"PMSB":0.7999954224,"ROSB":0.6000061035,"VRSB":0.6000061035,"ROST":0.6000022888,"PIKK":0.5999755859,"NKNCP":0.5400009155,"MSTT":0.5,"ROLO":0.3499999046,"ALRS":0.3199996948,"CNTL":0.3000001907,"VLHZ":0.2999954224,"SELG":0.2700004578,"RZSB":0.2399997711,"BSPB":0.2399978638,"DSKY":0.1800003052,"LSNG":0.1799998283,"SNGS":0.1599998474,"TRMK":0.1599960327,"MAGE":0.1199998856,"BLNG":0.1000003815,"EELT":0.0799999237,"NLMK":0.0599975586,"PRFN":0.0500001907,"BISVP":0.0399999619,"VGSB":0.0299999714,"UTAR":0.0199999809,"SAGOP":0.0119999647,"ZVEZ":0.0099999905,"RSTIP":0.0070000887,"MRSB":0.0060000122,"SLEN":0.0050001144,"SARE":0.0047999993,"MSRS":0.0045000315,"MRKS":0.0034999996,"YKEN":0.0034999847,"SAREP":0.0025999993,"MRKU":0.0024000108,"MRKC":0.0015999973,"TORSP":0.0015000105,"TASBP":0.0004999936,"USBN":0.0002000034,"MRKZ":0.0001499988,"KUZB":0.0000800006,"TGKN":0.0000200002,"MVID":0.0,"MGTS":0.0,"KRKNP":0.0,"NKHP":0.0,"TORS":0.0,"WTCM":0.0,"YRSB":0.0,"KAZTP":0.0,"MRKY":0.0,"RNFT":0.0,"CNTLP":0.0,"TGKB":-0.00003,"TGKA":-0.0000439999,"MRKV":-0.000049999,"TGKBP":-0.0000500004,"VTBR":-0.0000849999,"MRKP":-0.0001999885,"FEES":-0.0003200024,"ODVA":-0.0007999986,"DASB":-0.001199998,"RGSS":-0.0013999939,"KCHE":-0.0014999956,"STSBP":-0.0015000105,"TTLK":-0.0020000041,"OGKB":-0.0022000074,"GRNT":-0.0025000125,"TASB":-0.0029999912,"KTSB":-0.0040000081,"NMTP":-0.0050001144,"RSTI":-0.005300045,"ASSB":-0.0069999695,"HYDR":-0.0069999695,"MSNG":-0.0099999905,"HIMCP":-0.0100002289,"ENRU":-0.0103999972,"RTSBP":-0.0129999518,"MAGN":-0.0149993896,"IRAO":-0.0190000534,"RBCM":-0.0199999809,"CBOM":-0.0209999084,"APTK":-0.0279998779,"KRSB":-0.0300006866,"UPRO":-0.0340000391,"LIFE":-0.0349998474,"VGSBP":-0.0350000858,"WTCMP":-0.0399999619,"KRSBP":-0.0399999619,"AFKS":-0.0480003357,"JNOSP":-0.0599994659,"MRKK":-0.0999994278,"JNOS":-0.1000003815,"IRKT":-0.1000022888,"RTKM":-0.1099967957,"SNGSP":-0.1149997711,"FESH":-0.1300010681,"MOEX":-0.1600036621,"AFLT":-0.1800003052,"KZOS":-0.1999969482,"LPSB":-0.1999998093,"KRKOP":-0.1999998093,"KLSB":-0.2100000381,"NKNC":-0.2999954224,"LSNGP":-0.3000030518,"KZOSP":-0.3800010681,"CHGZ":-0.3999977112,"RUSI":-0.4000015259,"AMEZ":-0.4900016785,"KMAZ":-0.5,"MTLR":-0.5599975586,"SBERP":-0.6900024414,"YAKG":-0.6999969482,"RTKMP":-1.0,"NNSBP":-1.0,"GAZP":-1.2299957275,"TATNP":-1.299987793,"TATN":-1.3000183105,"SBER":-1.8199920654,"KAZT":-2.0,"BANE":-2.0,"MTSS":-2.3500061035,"SIBN":-2.3500061035,"MFGS":-2.5,"MTLRP":-2.7000045776,"AQUA":-3.0,"KMEZ":-3.0,"BANEP":-3.0,"RASP":-3.0,"GAZA":-3.5,"KROT":-4.5,"SVAV":-5.0,"ELTZ":-5.5,"UKUZ":-8.0,"NVTK":-8.5999755859,"LSRG":-9.0,"PHOR":-10.0,"AVAN":-10.0,"LKOH":-11.0,"VJGZP":-14.0,"URKZ":-20.0,"IGST":-26.0,"VJGZ":-35.0,"VSYD":-40.0,"OMZZP":-40.0,"LNZLP":-45.0,"NNSB":-45.0,"BELU":-46.0,"MGNT":-48.0,"IGSTP":-52.0,"GCHE":-59.0,"RKKE":-60.0,"PAZA":-80.0,"VSMO":-120.0,"LNZL":-960.0,"TRNFP":-1250.0}