{"PLZL":921.5,"AKRN":418.0,"VJGZ":279.0,"VSYDP":200.0,"RKKE":130.0,"OMZZP":115.0,"GMKN":62.0,"VJGZP":57.0,"POLY":46.2,"BELU":46.0,"CHMF":44.8,"SFIN":36.0,"UCSS":30.0,"MGTSP":26.0,"NNSBP":21.0,"UKUZ":20.0,"NNSB":20.0,"MFGSP":14.0,"SVAV":13.0,"SIBN":12.45,"GAZAP":11.5,"KUBE":10.7,"ABRD":9.0,"KAZT":8.8,"YAKG":8.25,"GCHE":7.5,"MGTS":5.0,"KAZTP":4.8,"SBERP":3.89,"TRMK":2.66,"ROSN":2.35,"SBER":2.32,"YRSB":2.0,"SELG":1.84,"BSPB":1.8,"SNGS":1.195,"KZOS":1.1,"ROLO":1.07,"RZSB":0.92,"KZOSP":0.85,"EELT":0.84,"VRSB":0.8,"ROSB":0.8,"MAGN":0.795,"NLMK":0.7,"KRSB":0.51,"MTSS":0.45,"IRKT":0.42,"CHGZ":0.4,"CNTL":0.38,"LSNG":0.37,"KRKOP":0.26,"HIMCP":0.21,"MRKK":0.18,"MAGE":0.16,"DSKY":0.16,"PRFN":0.126,"CNTLP":0.12,"KTSB":0.1,"KLSB":0.08,"VGSBP":0.075,"UTAR":0.05,"TORSP":0.0445,"BLNG":0.04,"MRKP":0.0296,"IRAO":0.0295,"TORS":0.028,"SLEN":0.025,"KTSBP":0.019,"MRKU":0.0186,"MRKC":0.0172,"TTLK":0.0125,"GRNT":0.011,"RTSBP":0.008,"RGSS":0.008,"MSRS":0.008,"YKEN":0.0035,"MRKZ":0.0015,"MRKV":0.0007,"USBN":0.0006,"TGKBP":0.00011,"TGKB":0.00011,"TGKN":0.00004,"MRSB":0.0,"PMSB":0.0,"KUZB":-0.00014,"TGKA":-0.000174,"ENRU":-0.0002,"VTBR":-0.000345,"KCHE":-0.0005,"MRKY":-0.0013,"FEES":-0.00234,"TASBP":-0.0025,"DASB":-0.0035,"SAREP":-0.004,"ASSB":-0.004,"SARE":-0.0044,"TASB":-0.0065,"RSTI":-0.0068,"ODVA":-0.0072,"CBOM":-0.008,"MRKS":-0.0105,"HYDR":-0.0116,"VGSB":-0.015,"SAGOP":-0.024,"OGKB":-0.0262,"RSTIP":-0.029,"STSBP":-0.031,"RBCM":-0.034,"SNGSP":-0.04,"MSNG":-0.0505,"ZVEZ":-0.06,"BISVP":-0.06,"UPRO":-0.11,"JNOSP":-0.12,"WTCMP":-0.14,"LPSB":-0.15,"LIFE":-0.155,"NMTP":-0.215,"APTK":-0.27,"JNOS":-0.3,"MOEX":-0.33,"VLHZ":-0.35,"WTCM":-0.4,"PMSBP":-0.4,"AFLT":-0.44,"AFKS":-0.485,"AQUA":-0.5,"AMEZ":-0.5,"MSTT":-0.65,"ROST":-0.8,"MISB":-0.9,"RTKM":-0.96,"RUSI":-1.0,"MTLR":-1.07,"RNFT":-1.2,"RTKMP":-1.6,"NKNC":-2.05,"MVID":-2.5,"NKNCP":-2.64,"KMAZ":-2.9,"KROT":-4.0,"ALRS":-4.82,"KMEZ":-5.0,"FESH":-5.9,"MTLRP":-5.95,"GAZP":-6.12,"TATNP":-7.8,"NKHP":-8.0,"TATN":-10.7,"RASP":-10.8,"LSNGP":-10.85,"BANEP":-11.5,"ELTZ":-13.5,"GAZA":-16.5,"BANE":-20.5,"PHOR":-22.0,"LSRG":-25.8,"PIKK":-37.0,"CHMK":-40.0,"NVTK":-41.4,"LKOH":-45.5,"BRZL":-54.0,"LNZLP":-100.0,"VSYD":-110.0,"IGST":-124.0,"AVAN":-125.0,"CHKZ":-140.0,"MGNT":-364.5,"IGSTP":-406.0,"PAZA":-440.0,"KRKNP":-600.0,"VSMO":-1580.0,"LNZL":-2520.0,"TRNFP":-3200.0}