{"LNZL":920.0,"PLZL":601.0,"RKKE":240.0,"PRMB":200.0,"VJGZ":176.0,"BELU":165.0,"TRNFP":150.0,"GCHE":90.0,"AKRN":88.0,"MGTS":70.0,"MGTSP":54.0,"VSYD":45.0,"POLY":42.700012207,"NNSBP":41.0,"VJGZP":34.0,"BRZL":30.0,"IGST":22.0,"LNZLP":15.0,"CHMK":15.0,"UCSS":15.0,"KMEZ":13.0,"UKUZ":12.0,"ABRD":11.5,"SFIN":11.0,"KROT":10.0,"KROTP":10.0,"BANE":6.5,"SIBN":6.1499938965,"KAZT":4.6000061035,"GAZA":4.0,"SELG":3.2900009155,"KZOS":3.0999984741,"RASP":2.8000030518,"ROSN":2.3500061035,"YRSB":2.0,"TRMK":1.9800033569,"SBER":1.9000091553,"KZOSP":1.8999996185,"GAZAP":1.5,"BSPB":1.4899978638,"SBERP":1.450012207,"SNGS":1.4249992371,"ROLO":1.1449999809,"NLMK":1.0999984741,"PMSB":1.0999984741,"MTLRP":1.049987793,"MFGS":1.0,"CHGZ":1.0,"SNGSP":0.9650001526,"RUSI":0.9000015259,"RNFT":0.7999954224,"RTKM":0.7700004578,"MAGN":0.75,"IRKT":0.7399978638,"NKNC":0.5500030518,"MTLR":0.5299987793,"RZSB":0.5200004578,"BANEP":0.5,"BLNG":0.3850002289,"NKSH":0.3800010681,"EELT":0.3199996948,"HIMCP":0.2399997711,"KRKOP":0.2300004959,"PRFN":0.1829998493,"KLSB":0.1300001144,"APTK":0.1080007553,"VGSB":0.1050000191,"AFKS":0.1029996872,"CBOM":0.0939998627,"SLEN":0.0899999142,"KTSB":0.0839999914,"AMEZ":0.0699996948,"IRAO":0.0555000305,"KRSB":0.0500001907,"BISVP":0.0500001907,"VGSBP":0.0400000811,"KTSBP":0.0339999944,"YKENP":0.0180000067,"TTLK":0.0180000067,"RTSB":0.0180000067,"GRNT":0.0159999877,"TASB":0.0155000091,"KCHEP":0.0139999986,"ASSB":0.0129999518,"RGSS":0.0100000054,"STSB":0.0070000291,"LIFE":0.0049996376,"MRKP":0.0038000047,"MRSB":0.0029999912,"DASB":0.0014000013,"RSTI":0.0010000467,"YKEN":0.0009999871,"TASBP":0.0009999871,"MRKV":0.0009000003,"KCHE":0.0004999936,"TORSP":0.0004999936,"TGKA":0.0003479999,"TGKB":0.000305,"TGKBP":0.0002799998,"KUZB":0.0001299996,"TGKN":0.0000400001,"VTBR":0.0000299998,"JNOS":0.0,"MOEX":0.0,"SIBG":0.0,"PMSBP":0.0,"VRSB":0.0,"MRKZ":-0.0002499986,"USBN":-0.000500001,"ENRU":-0.0005999804,"FEES":-0.0008400008,"MRKS":-0.001000002,"MRKY":-0.0013499968,"MRKU":-0.0013999939,"SARE":-0.0014000013,"ODVA":-0.0022,"MRKC":-0.0036000013,"SAREP":-0.0044,"ZVEZ":-0.0050001144,"TORS":-0.0069999993,"OGKB":-0.0072999597,"UTAR":-0.009999752,"STSBP":-0.0099999905,"UPRO":-0.0110000372,"HYDR":-0.0166000128,"MSNG":-0.0239999294,"RBCM":-0.0260000229,"SAGOP":-0.0340000391,"CNTLP":-0.0399999619,"MAGE":-0.0399999619,"MSRS":-0.0499999523,"RSTIP":-0.061999917,"WTCMP":-0.0799999237,"MSTT":-0.0999984741,"WTCM":-0.0999999046,"AFLT":-0.1200008392,"NMTP":-0.125,"JNOSP":-0.1399993896,"MRKK":-0.1799993515,"ROSB":-0.1999969482,"LPSB":-0.25,"YAKG":-0.3499984741,"DSKY":-0.3600006104,"KRSBP":-0.3800001144,"ROST":-0.4000015259,"CNTL":-0.5599994659,"ALRS":-0.5699996948,"RTKMP":-0.5999984741,"LSRG":-0.6000061035,"NKNCP":-0.9800033569,"SVAV":-1.0,"LSNG":-1.0100002289,"VLHZ":-1.0499954224,"KMAZ":-1.0999984741,"KAZTP":-1.1999816895,"MISB":-1.1999998093,"TATNP":-1.200012207,"KUBE":-1.3000030518,"FESH":-1.3299980164,"MTSS":-1.3500061035,"GMKN":-2.0,"MFGSP":-2.0,"GAZP":-2.7700042725,"NKHP":-3.0,"TATN":-3.3999938965,"AQUA":-4.5,"CHMF":-5.0,"NVTK":-5.4000244141,"MVID":-6.0999908447,"ELTZ":-9.5,"PHOR":-13.0,"LSNGP":-14.7000045776,"PIKK":-17.3999633789,"AVAN":-40.0,"NNSB":-40.0,"LKOH":-56.0,"VSYDP":-60.0,"OMZZP":-95.0,"CHKZ":-120.0,"KRKNP":-140.0,"MGNT":-163.0,"IGSTP":-180.0,"PAZA":-220.0,"VSMO":-1120.0}