{"VSMO":1280.0,"LNZL":880.0,"GMKN":492.0,"AKRN":142.0,"VSYDP":40.0,"VJGZ":38.0,"CHMF":34.0,"SFIN":26.200012207,"AVAN":25.0,"LKOH":12.0,"SVAV":8.0,"GAZAP":7.5,"KAZTP":6.3999938965,"SBERP":5.2299957275,"LNZLP":5.0,"TATN":4.5,"SIBN":3.950012207,"SBER":3.5999908447,"NLMK":2.3600006104,"KUBE":2.0999984741,"IGSTP":2.0,"ROSN":1.8500061035,"MTLR":1.1600036621,"MOEX":1.0900039673,"TRMK":0.939994812,"MTSS":0.75,"NKNC":0.6999969482,"EELT":0.6400003433,"NKNCP":0.4000015259,"MAGN":0.3799991608,"NKSH":0.3199996948,"KZOS":0.3000030518,"RTKMP":0.2999992371,"ROSB":0.1999969482,"KRSB":0.1499996185,"VGSBP":0.125,"MISB":0.0999994278,"UTAR":0.0699996948,"BISVP":0.0599994659,"HIMCP":0.0500001907,"KLSB":0.0499992371,"AFLT":0.0400009155,"MAGE":0.0399999619,"KTSB":0.0200000405,"WTCMP":0.0199999809,"TORSP":0.0139999986,"ROLO":0.0100002289,"RBCM":0.0099999905,"YKEN":0.0045000017,"MRKU":0.0029999912,"RSTIP":0.0019999743,"MRKP":0.0009000003,"TTLK":0.0004999936,"MRKC":0.0004000068,"NNSB":0.0,"PRMB":0.0,"SAREP":0.0,"MRSB":0.0,"YRSB":0.0,"TGKN":-0.00003,"MRKZ":-0.0001000017,"VTBR":-0.0001300015,"KUZB":-0.0001499988,"TGKBP":-0.0001599998,"TGKB":-0.0002550001,"TGKA":-0.0004520002,"KTSBP":-0.0004999936,"USBN":-0.0006000027,"FEES":-0.0009000003,"MRKY":-0.0016500019,"ODVA":-0.0018000007,"HYDR":-0.0022000074,"MRKV":-0.0024500005,"STSB":-0.003000021,"SARE":-0.0033999979,"KCHE":-0.0039999932,"DASB":-0.0042999983,"RGSS":-0.0044,"GRNT":-0.0044999868,"RSTI":-0.005400002,"RTSB":-0.0059999824,"MRKS":-0.0065000057,"STSBP":-0.0080000162,"NMTP":-0.0100002289,"YKENP":-0.0110000074,"MSRS":-0.0110000372,"OGKB":-0.0156999826,"TASB":-0.0170000196,"TASBP":-0.0185000002,"TORS":-0.0189999938,"ASSB":-0.0199999809,"MSNG":-0.0230000019,"ENRU":-0.0242000222,"JNOSP":-0.0399999619,"MRKK":-0.0399999619,"RZSB":-0.0400009155,"UPRO":-0.0490000248,"VGSB":-0.0499999523,"KRKOP":-0.0500001907,"IRAO":-0.0664999485,"ZVEZ":-0.0749998093,"MTLRP":-0.0999908447,"JNOS":-0.0999994278,"LIFE":-0.0999999046,"SLEN":-0.1050000191,"WTCM":-0.1199998856,"CBOM":-0.1209998131,"AFKS":-0.126999855,"LPSB":-0.1499996185,"PRFN":-0.1539998055,"LSNG":-0.2300000191,"APTK":-0.236000061,"KRSBP":-0.2399997711,"TATNP":-0.299987793,"CNTLP":-0.3400001526,"CNTL":-0.3400001526,"AMEZ":-0.3600006104,"SNGS":-0.3849983215,"KAZT":-0.3999938965,"VRSB":-0.3999938965,"BLNG":-0.404999733,"DSKY":-0.5,"BANEP":-0.5,"MFGSP":-0.5,"SNGSP":-0.5299987793,"CHGZ":-0.5999984741,"KZOSP":-0.6900005341,"RUSI":-0.7000007629,"PMSB":-0.7999954224,"PMSBP":-0.8000030518,"RTKM":-0.8300018311,"VLHZ":-0.9000015259,"PIKK":-0.9000244141,"RASP":-1.0,"RNFT":-1.0999984741,"MSTT":-1.0999984741,"SELG":-1.25,"ROST":-1.3999977112,"KMAZ":-1.4000015259,"ABRD":-1.5,"GAZP":-1.6199951172,"BSPB":-1.7699966431,"KMEZ":-2.0,"IRKT":-2.0399971008,"YAKG":-2.1999969482,"KROT":-2.5,"NVTK":-2.5999755859,"LSNGP":-2.6500015259,"ALRS":-3.1799964905,"FESH":-3.3199996948,"MVID":-3.5,"NKHP":-5.0,"LSRG":-5.0,"POLY":-5.9000244141,"MFGS":-6.0,"VJGZP":-10.0,"AQUA":-14.0,"UKUZ":-16.0,"ELTZ":-16.5,"BANE":-16.5,"PHOR":-21.0,"BRZL":-21.0,"IGST":-22.0,"UCSS":-25.0,"NNSBP":-25.0,"GCHE":-41.0,"MGTSP":-52.0,"MGTS":-65.0,"RKKE":-70.0,"CHMK":-70.0,"BELU":-89.0,"CHKZ":-120.0,"PAZA":-120.0,"VSYD":-125.0,"OMZZP":-135.0,"PLZL":-163.5,"MGNT":-202.0,"KRKNP":-280.0,"KOGK":-600.0,"TRNFP":-1250.0}