{"KOGK":1200.0,"PLZL":861.0,"PRMB":400.0,"AKRN":378.0,"URKZ":300.0,"VJGZ":210.0,"RKKE":140.0,"PAZA":100.0,"GMKN":96.0,"VSYDP":80.0,"GCHE":67.0,"POLY":50.5999755859,"BELU":50.0,"VJGZP":46.0,"NNSB":40.0,"SFIN":33.4000244141,"CHMF":27.0,"VSYD":25.0,"ELTZ":24.0,"AQUA":19.5,"SVAV":15.5,"YAKG":14.8500061035,"SIBN":11.4000244141,"KMEZ":9.0,"ABRD":8.5,"KUBE":7.6999969482,"DSKY":6.4199981689,"NNSBP":6.0,"SBERP":5.3399963379,"KAZTP":5.0,"MFGSP":5.0,"KAZT":4.8000183105,"SBER":4.7599945068,"MTSS":4.5500030518,"MFGS":4.5,"BANEP":4.0,"KROT":3.5,"TRMK":3.4799957275,"SELG":2.5800018311,"NLMK":2.3999938965,"ROSB":1.5999984741,"MAGN":1.5599994659,"KZOS":1.5,"ROSN":1.3999938965,"KZOSP":1.1900005341,"VLHZ":1.1500015259,"ROLO":1.0549998283,"EELT":1.0199999809,"MSTT":0.8499984741,"SNGS":0.8450012207,"BISVP":0.6499996185,"NKSH":0.5200004578,"IRKT":0.4600028992,"LSNG":0.3399996758,"MRKK":0.2600002289,"RZSB":0.2399997711,"HIMCP":0.2100000381,"KRKOP":0.1700000763,"UTAR":0.1699995995,"CNTLP":0.1399998665,"KLSB":0.1299991608,"SLEN":0.1049997807,"IRAO":0.1034998894,"VGSBP":0.1000000238,"KTSB":0.0960000157,"TORSP":0.0629999936,"RTSB":0.0440000296,"MRKP":0.0267000049,"VGSB":0.0250000954,"TTLK":0.023999989,"TORS":0.0209999979,"CNTL":0.0199995041,"YKEN":0.0155000091,"MRKU":0.0145999938,"MRKC":0.0132000148,"KTSBP":0.0130000114,"GRNT":0.0120000094,"RGSS":0.0100000054,"ENRU":0.0097999871,"KCHE":0.0069999993,"PRFN":0.0040001869,"RBCM":0.0039999485,"YKENP":0.0015000105,"KUZB":0.0014500003,"MRKZ":0.001149999,"RTSBP":0.0010000467,"MRKV":0.0006999988,"TGKB":0.000155,"TGKBP":0.0001400001,"TGKN":0.00003,"MGTS":0.0,"MAGE":0.0,"YRSB":0.0,"VTBR":-0.0002100002,"TGKA":-0.0002160002,"MRKY":-0.0012499988,"SAREP":-0.0015999973,"USBN":-0.0017000064,"FEES":-0.0020599961,"DASB":-0.0033999979,"RSTI":-0.0038999915,"MSRS":-0.0040000081,"STSBP":-0.0049999952,"MRKS":-0.0050000101,"SARE":-0.0073999986,"ODVA":-0.0081999972,"MOEX":-0.0100021362,"MRSB":-0.0110000074,"STSB":-0.0139999986,"TASB":-0.0145000219,"RSTIP":-0.0169999599,"TASBP":-0.0189999938,"ASSB":-0.0199999809,"HYDR":-0.0259000063,"OGKB":-0.027099967,"KRSB":-0.0300006866,"WTCMP":-0.0399999619,"CBOM":-0.0549998283,"UPRO":-0.057000041,"MSNG":-0.073499918,"ZVEZ":-0.0999999046,"SNGSP":-0.1149997711,"LIFE":-0.1500000954,"NMTP":-0.1900000572,"CHGZ":-0.1999969482,"AFLT":-0.1999988556,"RNFT":-0.2000045776,"JNOSP":-0.2199993134,"AFKS":-0.2620000839,"LPSB":-0.2999992371,"KRSBP":-0.3399991989,"BLNG":-0.3400001526,"WTCM":-0.3600001335,"AMEZ":-0.3950004578,"APTK":-0.4119997025,"RTKMP":-0.4500007629,"RUSI":-0.5999984741,"PMSB":-0.5999984741,"VRSB":-0.6000061035,"BSPB":-0.7399978638,"RTKM":-0.8100013733,"JNOS":-0.8499994278,"MTLR":-1.0699996948,"MISB":-1.2000007629,"ROST":-1.5999984741,"MTLRP":-1.9499969482,"NKNC":-2.0,"MGTSP":-2.0,"KMAZ":-2.5999984741,"MVID":-2.8999938965,"BANE":-3.0,"GAZAP":-4.5,"LKOH":-4.5,"PMSBP":-4.6000061035,"GAZP":-4.75,"UCSS":-5.0,"NKNCP":-5.3399963379,"ALRS":-5.4399986267,"TATNP":-5.6000061035,"FESH":-5.6399993896,"LSNGP":-9.3000030518,"TATN":-9.5,"RASP":-12.3500061035,"LSRG":-12.8000183105,"NKHP":-13.5,"BRZL":-22.0,"UKUZ":-24.0,"PIKK":-24.299987793,"NVTK":-41.0,"PHOR":-47.0,"CHMK":-60.0,"LNZLP":-70.0,"OMZZP":-70.0,"AVAN":-150.0,"CHKZ":-180.0,"IGST":-340.0,"MGNT":-446.5,"IGSTP":-466.0,"KRKNP":-580.0,"VSMO":-1120.0,"TRNFP":-3650.0,"LNZL":-6290.0}