{"VSMO":1280.0,"LNZL":880.0,"GMKN":492.0,"AKRN":142.0,"VSYDP":40.0,"VJGZ":38.0,"CHMF":34.0,"SFIN":26.2,"AVAN":25.0,"LKOH":12.0,"SVAV":8.0,"GAZAP":7.5,"KAZTP":6.4,"SBERP":5.23,"LNZLP":5.0,"TATN":4.5,"SIBN":3.95,"SBER":3.6,"NLMK":2.36,"KUBE":2.1,"IGSTP":2.0,"ROSN":1.85,"MTLR":1.16,"MOEX":1.09,"TRMK":0.94,"MTSS":0.75,"NKNC":0.7,"EELT":0.64,"NKNCP":0.4,"MAGN":0.38,"NKSH":0.32,"RTKMP":0.3,"KZOS":0.3,"ROSB":0.2,"KRSB":0.15,"VGSBP":0.125,"MISB":0.1,"UTAR":0.07,"BISVP":0.06,"HIMCP":0.05,"KLSB":0.05,"AFLT":0.04,"MAGE":0.04,"WTCMP":0.02,"KTSB":0.02,"TORSP":0.014,"RBCM":0.01,"ROLO":0.01,"YKEN":0.0045,"MRKU":0.003,"RSTIP":0.002,"MRKP":0.0009,"TTLK":0.0005,"MRKC":0.0004,"SAREP":0.0,"PRMB":0.0,"YRSB":0.0,"NNSB":0.0,"MRSB":0.0,"TGKN":-0.00003,"MRKZ":-0.0001,"VTBR":-0.00013,"KUZB":-0.00015,"TGKBP":-0.00016,"TGKB":-0.000255,"TGKA":-0.000452,"KTSBP":-0.0005,"USBN":-0.0006,"FEES":-0.0009,"MRKY":-0.00165,"ODVA":-0.0018,"HYDR":-0.0022,"MRKV":-0.00245,"STSB":-0.003,"SARE":-0.0034,"KCHE":-0.004,"DASB":-0.0043,"RGSS":-0.0044,"GRNT":-0.0045,"RSTI":-0.0054,"RTSB":-0.006,"MRKS":-0.0065,"STSBP":-0.008,"NMTP":-0.01,"YKENP":-0.011,"MSRS":-0.011,"OGKB":-0.0157,"TASB":-0.017,"TASBP":-0.0185,"TORS":-0.019,"ASSB":-0.02,"MSNG":-0.023,"ENRU":-0.0242,"MRKK":-0.04,"RZSB":-0.04,"JNOSP":-0.04,"UPRO":-0.049,"VGSB":-0.05,"KRKOP":-0.05,"IRAO":-0.0665,"ZVEZ":-0.075,"MTLRP":-0.1,"JNOS":-0.1,"LIFE":-0.1,"SLEN":-0.105,"WTCM":-0.12,"CBOM":-0.121,"AFKS":-0.127,"LPSB":-0.15,"PRFN":-0.154,"LSNG":-0.23,"APTK":-0.236,"KRSBP":-0.24,"TATNP":-0.3,"CNTLP":-0.34,"CNTL":-0.34,"AMEZ":-0.36,"SNGS":-0.385,"KAZT":-0.4,"VRSB":-0.4,"BLNG":-0.405,"DSKY":-0.5,"MFGSP":-0.5,"BANEP":-0.5,"SNGSP":-0.53,"CHGZ":-0.6,"KZOSP":-0.69,"RUSI":-0.7,"PMSBP":-0.8,"PMSB":-0.8,"RTKM":-0.83,"PIKK":-0.9,"VLHZ":-0.9,"RASP":-1.0,"MSTT":-1.1,"RNFT":-1.1,"SELG":-1.25,"ROST":-1.4,"KMAZ":-1.4,"ABRD":-1.5,"GAZP":-1.62,"BSPB":-1.77,"KMEZ":-2.0,"IRKT":-2.04,"YAKG":-2.2,"KROT":-2.5,"NVTK":-2.6,"LSNGP":-2.65,"ALRS":-3.18,"FESH":-3.32,"MVID":-3.5,"NKHP":-5.0,"LSRG":-5.0,"POLY":-5.9,"MFGS":-6.0,"VJGZP":-10.0,"AQUA":-14.0,"UKUZ":-16.0,"BANE":-16.5,"ELTZ":-16.5,"BRZL":-21.0,"PHOR":-21.0,"IGST":-22.0,"NNSBP":-25.0,"UCSS":-25.0,"GCHE":-41.0,"MGTSP":-52.0,"MGTS":-65.0,"RKKE":-70.0,"CHMK":-70.0,"BELU":-89.0,"CHKZ":-120.0,"PAZA":-120.0,"VSYD":-125.0,"OMZZP":-135.0,"PLZL":-163.5,"MGNT":-202.0,"KRKNP":-280.0,"KOGK":-600.0,"TRNFP":-1250.0}