{"LNZL":2060.0,"PLZL":303.5,"GMKN":186.0,"VJGZ":59.0,"CHMF":57.4,"AVAN":55.0,"MGNT":54.0,"LNZLP":45.0,"CHKZ":20.0,"UCSS":20.0,"VSYDP":20.0,"SFIN":18.6,"AKRN":18.0,"KAZTP":13.0,"GAZAP":13.0,"UKUZ":12.0,"PIKK":8.0,"KUBE":8.0,"PHOR":7.0,"POLY":6.9,"KAZT":4.6,"MFGSP":3.5,"ROSN":1.55,"NLMK":1.2,"MAGN":1.045,"TRMK":0.86,"PMSB":0.8,"PMSBP":0.8,"EELT":0.6,"DSKY":0.54,"CHGZ":0.4,"ROSB":0.4,"KRSB":0.32,"MISB":0.3,"VLHZ":0.25,"NVTK":0.2,"VRSB":0.2,"BISVP":0.17,"BSPB":0.15,"SBERP":0.12,"CNTL":0.12,"MAGE":0.1,"SNGS":0.08,"UTAR":0.05,"BLNG":0.035,"SELG":0.03,"HIMCP":0.03,"TORSP":0.0115,"MRSB":0.01,"HYDR":0.0067,"MSRS":0.005,"TASB":0.005,"MRKU":0.0048,"SAREP":0.0014,"TORS":0.001,"USBN":0.0003,"VTBR":0.0001,"YKEN":0.0,"TGKN":-0.00004,"FEES":-0.00006,"MRKZ":-0.0001,"TGKBP":-0.00011,"TGKB":-0.000165,"SARE":-0.0002,"TGKA":-0.000238,"KUZB":-0.00026,"MRKV":-0.0006,"TASBP":-0.001,"KCHE":-0.001,"MRKP":-0.0013,"MRKY":-0.0014,"MRKC":-0.0014,"RSTI":-0.0021,"MRKS":-0.0025,"RSTIP":-0.003,"STSBP":-0.003,"ODVA":-0.0048,"DASB":-0.0064,"GRNT":-0.0065,"RGSS":-0.0076,"OGKB":-0.0087,"KTSBP":-0.009,"TTLK":-0.009,"MSNG":-0.016,"ASSB":-0.018,"SAGOP":-0.02,"SLEN":-0.02,"RBCM":-0.024,"ENRU":-0.034,"KRKOP":-0.04,"PRFN":-0.04,"WTCMP":-0.04,"IRAO":-0.058,"WTCM":-0.06,"JNOSP":-0.06,"KTSB":-0.062,"APTK":-0.064,"LSNG":-0.07,"UPRO":-0.076,"CBOM":-0.08,"ZVEZ":-0.095,"LPSB":-0.1,"AFLT":-0.1,"KLSB":-0.11,"LIFE":-0.115,"VGSB":-0.125,"RZSB":-0.14,"MRKK":-0.14,"AFKS":-0.164,"NMTP":-0.17,"MOEX":-0.17,"SNGSP":-0.235,"KRSBP":-0.24,"JNOS":-0.25,"CNTLP":-0.32,"MTLR":-0.44,"RTKM":-0.47,"ROLO":-0.48,"AMEZ":-0.495,"NKNCP":-0.78,"ROST":-0.8,"VJGZP":-1.0,"RTKMP":-1.05,"KZOSP":-1.43,"MSTT":-1.45,"SVAV":-1.5,"NKNC":-1.6,"IRKT":-1.64,"RNFT":-1.7,"RUSI":-1.8,"GAZP":-1.84,"BRZL":-2.0,"KMAZ":-2.1,"SBER":-2.48,"TATN":-2.6,"ALRS":-2.76,"MTSS":-3.0,"SIBN":-3.0,"YAKG":-3.5,"ABRD":-3.5,"TATNP":-3.6,"MVID":-3.7,"FESH":-4.68,"LSNGP":-4.9,"MTLRP":-5.0,"RASP":-5.45,"BANE":-5.5,"KZOS":-5.5,"NKHP":-6.0,"AQUA":-7.5,"MFGS":-7.5,"KROT":-8.0,"KMEZ":-8.0,"BANEP":-9.0,"IGST":-10.0,"GAZA":-10.0,"LSRG":-11.0,"MGTSP":-12.0,"ELTZ":-16.0,"NNSBP":-16.0,"NNSB":-20.0,"MGTS":-20.0,"OMZZP":-20.0,"PAZA":-20.0,"LKOH":-21.0,"CHMK":-50.0,"IGSTP":-66.0,"BELU":-68.0,"VSYD":-105.0,"RKKE":-120.0,"KRKNP":-200.0,"GCHE":-217.0,"URKZ":-480.0,"VSMO":-980.0,"KOGK":-1000.0,"TRNFP":-2600.0}