{"KOGK":1400.0,"AKRN":1326.0,"PLZL":637.5,"VSYDP":240.0,"VJGZ":231.0,"IGSTP":218.0,"GMKN":176.0,"GCHE":153.5,"RKKE":150.0,"AVAN":55.0,"VSYD":40.0,"POLY":36.0999755859,"BELU":33.0,"VJGZP":32.0,"SFIN":30.4000244141,"MGTSP":28.0,"AQUA":21.0,"SVAV":16.0,"IGST":16.0,"DSKY":14.7200012207,"YAKG":13.0,"SIBN":12.6500244141,"TRMK":11.3399963379,"CHMF":10.5999755859,"KUBE":9.0999984741,"ABRD":8.0,"ELTZ":7.0,"GAZAP":6.0,"ROSB":5.7999954224,"SBERP":5.3999938965,"KMEZ":5.0,"PIKK":4.4000244141,"MFGS":4.0,"KAZT":3.8000183105,"SBER":3.1999969482,"VLHZ":1.0999984741,"EELT":0.9600000381,"MOEX":0.9599990845,"SELG":0.9200019836,"ROLO":0.9149999619,"MTLR":0.8899993896,"MAGN":0.6899986267,"SNGS":0.6200008392,"BISVP":0.6099996567,"KZOSP":0.5799999237,"HIMCP":0.5300002098,"RZSB":0.3799991608,"LSNG":0.3199996948,"MRKK":0.3000001907,"NKSH":0.2600002289,"RUSI":0.2000007629,"VGSBP":0.1750000715,"KLSB":0.1499996185,"TORSP":0.1164999902,"RBCM":0.1160001755,"CNTLP":0.0999999046,"KTSB":0.0800000429,"KRSB":0.0799999237,"SLEN":0.0799999237,"MAGE":0.0700001717,"KTSBP":0.0324999988,"MRKP":0.0307999998,"VGSB":0.0250000954,"TORS":0.025000006,"IRAO":0.0225000381,"TTLK":0.0224999785,"MSRS":0.0199999809,"MRKC":0.0169999897,"AMEZ":0.0149993896,"GRNT":0.011500001,"MRKU":0.0107999891,"RTSB":0.0080000162,"YKEN":0.0034999847,"RGSS":0.0028000027,"ENRU":0.0025999844,"KUZB":0.001840001,"MRKZ":0.0011999998,"DASB":0.0007999986,"MRKV":0.0004999992,"TGKB":0.00024,"MRKY":0.0001500007,"TGKBP":0.0001400001,"TGKN":0.0000100001,"YRSB":0.0,"NNSBP":0.0,"MGTS":0.0,"TGKA":-0.0002660002,"VTBR":-0.0004550014,"RTSBP":-0.0019999743,"FEES":-0.0021599978,"PRFN":-0.0029997826,"USBN":-0.0033000037,"MRKS":-0.0034999996,"TASB":-0.0075000226,"ODVA":-0.007600002,"SARE":-0.0095999986,"BLNG":-0.0100002289,"RSTIP":-0.0110000372,"ASSB":-0.0149999857,"RSTI":-0.0158999562,"TASBP":-0.0164999962,"OGKB":-0.0170999765,"KRKOP":-0.0199995041,"STSB":-0.0260000229,"STSBP":-0.0264999866,"MRSB":-0.0300000012,"CNTL":-0.0399999619,"HYDR":-0.0551999807,"ZVEZ":-0.0649998188,"UTAR":-0.0700001717,"MSNG":-0.0904999971,"UPRO":-0.0920000076,"NMTP":-0.1599998474,"KAZTP":-0.1999816895,"KRSBP":-0.1999998093,"LIFE":-0.220000267,"CBOM":-0.2279996872,"WTCMP":-0.2399997711,"JNOS":-0.25,"NLMK":-0.2800064087,"JNOSP":-0.3599996567,"SNGSP":-0.3649997711,"WTCM":-0.4000000954,"LPSB":-0.5,"IRKT":-0.5399971008,"APTK":-0.5559997559,"AFKS":-0.6180000305,"BSPB":-0.7399978638,"MSTT":-0.7999954224,"ROST":-0.7999992371,"VRSB":-0.8000030518,"AFLT":-0.9599990845,"RTKMP":-1.1500015259,"RTKM":-1.1900024414,"CHGZ":-1.1999969482,"PMSB":-1.5,"MVID":-2.299987793,"MTSS":-2.3999938965,"KZOS":-2.5999984741,"MISB":-2.7000007629,"NKNC":-3.1000061035,"RNFT":-3.3000030518,"NKHP":-4.0,"PMSBP":-4.0,"FESH":-4.0799980164,"KMAZ":-4.4000015259,"LNZLP":-5.0,"MFGSP":-5.5,"NKNCP":-6.3000030518,"MTLRP":-6.3499908447,"RASP":-6.8500061035,"KROT":-7.0,"GAZP":-7.0199890137,"ALRS":-7.6499977112,"LSNGP":-11.8999938965,"BRZL":-13.0,"UCSS":-15.0,"UKUZ":-16.0,"LSRG":-16.200012207,"ROSN":-17.5,"BANE":-20.0,"BANEP":-20.5,"TATN":-20.700012207,"TATNP":-20.700012207,"PAZA":-40.0,"NNSB":-65.0,"NVTK":-68.4000244141,"LKOH":-74.5,"CHMK":-85.0,"PHOR":-109.0,"OMZZP":-375.0,"MGNT":-565.5,"CHKZ":-580.0,"KRKNP":-640.0,"PRMB":-1000.0,"VSMO":-2660.0,"LNZL":-3600.0,"TRNFP":-4150.0}