{"LNZL":1800.0,"GMKN":490.0,"PLZL":437.5,"URKZ":260.0,"AKRN":230.0,"VJGZ":214.0,"PRMB":200.0,"RKKE":170.0,"VSMO":160.0,"BELU":76.0,"GCHE":49.0,"SFIN":37.200012207,"POLY":36.799987793,"CHMF":29.0,"VJGZP":24.0,"LNZLP":20.0,"NNSBP":16.0,"KMEZ":11.0,"SIBN":10.1000061035,"ABRD":10.0,"BRZL":9.0,"GAZAP":9.0,"KROT":7.5,"SVAV":7.0,"SBERP":6.6800079346,"SBER":5.5,"KAZTP":5.200012207,"MGTS":5.0,"ROSN":4.200012207,"KAZT":4.200012207,"NLMK":3.4599990845,"KZOS":3.4000015259,"TRMK":2.9199981689,"SELG":2.0400009155,"MGTSP":2.0,"YRSB":2.0,"RASP":1.8000030518,"MTLR":1.6900024414,"NKNC":1.25,"KZOSP":1.2099990845,"ROLO":1.1550002098,"MAGN":1.1299991608,"TATN":1.1000061035,"MOEX":1.0900039673,"SNGS":1.0400009155,"EELT":0.9600000381,"MTLRP":0.9499969482,"KUBE":0.7999954224,"NKSH":0.7000007629,"RZSB":0.4799995422,"SNGSP":0.4350013733,"CHGZ":0.4000015259,"PMSB":0.3000030518,"HIMCP":0.2899999619,"RUSI":0.2000007629,"KRSB":0.1999998093,"KRKOP":0.1800003052,"KLSB":0.1799993515,"VGSBP":0.1650000811,"BISVP":0.1099996567,"KTSB":0.1040000319,"UTAR":0.0599999428,"VGSB":0.0550000668,"KTSBP":0.0335000008,"PRFN":0.0290000439,"TTLK":0.0185000002,"TORSP":0.0144999921,"RTSB":0.0120000243,"GRNT":0.011500001,"YKENP":0.0069999993,"RGSS":0.0056000054,"YKEN":0.0054999888,"RTSBP":0.0049999952,"MRKP":0.0047000051,"STSB":0.0040000081,"MRSB":0.0029999912,"MRKU":0.0015999973,"TGKBP":0.00012,"TGKB":0.0000499999,"TGKN":0.0000100001,"ROSB":0.0,"BANEP":0.0,"MAGE":0.0,"IGST":0.0,"KUZB":-0.0000199992,"VTBR":-0.0001000017,"TGKA":-0.0001040003,"MRKZ":-0.0003500003,"USBN":-0.0011000037,"TASB":-0.0015000105,"MRKV":-0.0015500002,"FEES":-0.0017400011,"DASB":-0.0028999969,"MRKY":-0.0029999986,"MRKC":-0.0031999946,"KCHE":-0.0034999996,"ODVA":-0.0040000007,"RSTI":-0.0043999553,"SAREP":-0.0044,"SARE":-0.0047999993,"ASSB":-0.0070000291,"MRKS":-0.0075000077,"IRAO":-0.010999918,"SLEN":-0.0150001049,"RBCM":-0.0160000324,"TASBP":-0.0175000131,"STSBP":-0.0180000067,"HYDR":-0.0188000202,"BLNG":-0.0199995041,"OGKB":-0.0229999423,"AFKS":-0.0240001678,"ENRU":-0.0248000026,"TORS":-0.0259999931,"CBOM":-0.0269999504,"MSNG":-0.0469999313,"RSTIP":-0.0599999428,"WTCMP":-0.0599999428,"UPRO":-0.060000062,"RTKM":-0.0600013733,"MSRS":-0.0609999895,"AFLT":-0.0799999237,"ZVEZ":-0.0799999237,"LIFE":-0.095000267,"JNOS":-0.0999994278,"APTK":-0.1279993057,"NMTP":-0.1350002289,"JNOSP":-0.1799993515,"MRKK":-0.2199993134,"WTCM":-0.2199997902,"BSPB":-0.2799987793,"AMEZ":-0.2900009155,"RTKMP":-0.2999992371,"RNFT":-0.3000030518,"CNTLP":-0.3800001144,"VRSB":-0.3999938965,"LPSB":-0.3999996185,"NKNCP":-0.5800018311,"MTSS":-0.6000061035,"KRSBP":-0.6199998856,"PMSBP":-0.8000030518,"DSKY":-0.8600006104,"CNTL":-0.8999996185,"MISB":-1.1000003815,"MSTT":-1.1999969482,"LSNG":-1.240000248,"IRKT":-1.2999992371,"TATNP":-1.5,"ROST":-1.7999992371,"VLHZ":-1.9499969482,"KMAZ":-2.5,"MFGSP":-2.5,"YAKG":-2.5499954224,"ALRS":-3.7499961853,"UKUZ":-4.0,"GAZP":-4.3899993896,"FESH":-4.6499977112,"MFGS":-5.0,"LSRG":-5.6000061035,"NKHP":-8.0,"NVTK":-8.0,"MVID":-9.5999908447,"UCSS":-10.0,"BANE":-10.0,"AVAN":-15.0,"LSNGP":-17.3500061035,"PIKK":-18.299987793,"AQUA":-18.5,"VSYDP":-20.0,"ELTZ":-26.0,"PHOR":-34.0,"NNSB":-40.0,"LKOH":-44.0,"CHMK":-55.0,"VSYD":-80.0,"IGSTP":-178.0,"OMZZP":-230.0,"CHKZ":-240.0,"PAZA":-340.0,"MGNT":-365.0,"KRKNP":-420.0,"TRNFP":-1100.0}